userid;type
82928;bot
91310;bot
234358;bot
259798;bot
279219;bot
627574;bot
1022055;bot
1075024;bot
1079367;bot
1134615;bot
1215485;bot
1310918;bot
1394109;bot
1410993;bot
1465663;bot
1590000;bot
1725149;bot
1979668;bot
2304267;bot
2490128;bot
2574114;bot
2897456;bot
2976602;bot
3154886;bot
3188459;bot
3213831;bot
3455093;bot
3467218;bot
3729068;bot
3729175;bot
3827324;bot
3991663;bot
4048622;bot
4080734;bot
4115821;bot
4169926;bot
4540091;bot
4773966;bot
4806773;bot
4851336;bot
4887713;bot
4899266;bot
4918763;bot
4936590;bot
5088029;bot
5121843;bot
5123496;bot
5197800;bot
5207410;bot
5325161;bot
5737366;bot
5866303;bot
5870361;bot
6497177;bot
6569922;bot
6867938;bot
7048732;bot
7125835;bot
7246336;bot
7304691;bot
7328221;bot
7328338;bot
7369635;bot
7377957;bot
7423137;bot
7513046;bot
7586604;bot
7611264;bot
7673795;bot
7903804;bot
8051883;bot
8066546;bot
8163269;bot
8299385;bot
8545370;bot
8655632;bot
8719212;bot
8760229;bot
8803232;bot
8908655;bot
9021902;bot
9034037;bot
9047641;bot
9163626;bot
9353149;bot
9478351;bot
9527245;bot
9536040;bot
9540157;bot
9540158;bot
9540159;bot
9563533;bot
9698374;bot
9738871;bot
9743759;bot
10075168;bot
10217519;bot
10306785;bot
10316319;bot
10383813;bot
10476070;bot
10638141;bot
10996774;bot
11040284;bot
11187190;bot
11292982;bot
11745509;bot
11952314;bot
12079660;bot
12089404;bot
12284128;bot
12323565;bot
12405872;bot
12406635;bot
12471462;bot
12560517;bot
12923076;bot
13110297;bot
13122460;bot
13286072;bot
13350630;bot
13534264;bot
13766650;bot
13770078;bot
13898661;bot
14037661;bot
14216826;bot
14263445;bot
14280511;bot
14349911;bot
14352475;bot
14394459;bot
14413849;bot
14483807;bot
14488899;bot
14489787;bot
14678237;bot
14919136;bot
14967932;bot
15043057;bot
15270283;bot
15449111;bot
15532331;bot
15672078;bot
15681496;bot
15893400;bot
15996738;bot
16159125;bot
16185576;bot
16266655;bot
16283967;bot
16400314;bot
16459962;bot
16596082;bot
16737026;bot
16752040;bot
16847903;bot
16853007;bot
16887700;bot
17003997;bot
17164356;bot
17215358;bot
17216044;bot
17371573;bot
17379646;bot
17423885;bot
17480081;bot
17518500;bot
17983901;bot
18058143;bot
18289815;bot
18387056;bot
18493089;bot
18506875;bot
18663209;bot
18823148;bot
18872885;bot
18984730;bot
19090830;bot
19224014;bot
19850724;bot
19895351;bot
19985545;bot
20056178;bot
20095134;bot
20181147;bot
20483999;bot
20487133;bot
20508333;bot
20585603;bot
20611691;bot
20859532;bot
21155623;bot
21527109;bot
21731873;bot
21809989;bot
22689343;bot
22992123;bot
22995048;bot
23303609;bot
23535278;bot
23646674;bot
24043204;bot
24354464;bot
24420788;bot
24649005;bot
24684472;bot
24794120;bot
24870543;bot
24958243;bot
25088394;bot
25180159;bot
25593488;bot
25646783;bot
25756079;bot
26109785;bot
26118793;bot
26412558;bot
26489545;bot
26805746;bot
27015025;bot
27113780;bot
27446209;bot
27823944;bot
27920258;bot
28222058;bot
28359350;bot
28481209;bot
28901961;bot
28903366;bot
29088686;bot
29091978;bot
29463730;bot
29539620;bot
29639097;bot
29819627;bot
29966027;bot
30247369;bot
30394555;bot
30519056;bot
30688881;bot
30707369;bot
31197275;bot
31691822;bot
31737083;bot
31946894;bot
31996569;bot
32040515;bot
32197056;bot
32222283;bot
32237108;bot
32336960;bot
32366448;bot
32867347;bot
32885453;bot
32983869;bot
33330201;bot
33386625;bot
33517443;bot
33995001;bot
34306104;bot
34437284;bot
34533176;bot
34993826;bot
34994466;bot
35159807;bot
35277463;bot
35685799;bot
35863023;bot
35936988;bot
36265925;bot
36553370;bot
37030835;bot
37076574;bot
37523569;bot
37756288;bot
37810268;bot
37890503;bot
37958503;bot
38179619;bot
38200765;bot
38348176;bot
38711725;bot
39197131;bot
39560964;bot
39734652;bot
39943032;bot
40411445;bot
40600116;bot
41431732;bot
41617906;bot
41679398;bot
41749889;bot
41806904;bot
41830889;bot
41840956;bot
41869786;bot
41888157;bot
41899643;bot
42161706;bot
42283532;bot
42522270;bot
42658512;bot
42774876;bot
42971686;bot
43322899;bot
43599557;bot
43730047;bot
44604045;bot
44618149;bot
44652692;bot
45016860;bot
45022001;bot
45135613;bot
46071833;bot
43668429;bot
44304581;bot
45552193;bot
6120;bot
25261;bot
75561;bot
87916;bot
98511;bot
112114;bot
114861;bot
116385;bot
198291;bot
228773;bot
231599;bot
236211;bot
263608;bot
270244;bot
310830;bot
332929;bot
338065;bot
341052;bot
367880;bot
371906;bot
393532;bot
411872;bot
421426;bot
433328;bot
467651;bot
484830;bot
502295;bot
543622;bot
551172;bot
553296;bot
587779;bot
601940;bot
620581;bot
621721;bot
630810;bot
648410;bot
699909;bot
712009;bot
727408;bot
743015;bot
814230;bot
908518;bot
922334;bot
946823;bot
1016403;bot
1017261;bot
1029865;bot
1124563;bot
1158220;bot
1161488;bot
1187248;bot
1188514;bot
1206249;bot
1248477;bot
1324179;bot
1358905;bot
1390043;bot
1392310;bot
1553148;bot
1554195;bot
1575512;bot
1611616;bot
1671506;bot
1685358;bot
1710275;bot
1716311;bot
1726768;bot
1800430;bot
1811376;bot
1811786;bot
1928747;bot
1980571;bot
2030868;bot
2041210;bot
2111501;bot
2135003;bot
2206880;bot
2206974;bot
2218388;bot
2230472;bot
2253149;bot
2255142;bot
2363800;bot
2378222;bot
2433582;bot
2450100;bot
2466321;bot
2476645;bot
2479333;bot
2556697;bot
2572294;bot
2574114;bot
2657584;bot
2739803;bot
2784935;bot
2796964;bot
2844817;bot
2866290;bot
2885456;bot
2888951;bot
2913411;bot
2948166;bot
2964546;bot
2975620;bot
3035831;bot
3096998;bot
3109161;bot
3115531;bot
3137323;bot
3145267;bot
3152359;bot
3171056;bot
3171782;bot
3230114;bot
3236748;bot
3258344;bot
3264021;bot
3295223;bot
3320708;bot
3364885;bot
3383237;bot
3398850;bot
3409125;bot
3410049;bot
3446293;bot
3447543;bot
3452245;bot
3453363;bot
3455576;bot
3479822;bot
3573773;bot
3658625;bot
3683477;bot
3732271;bot
3737405;bot
3737697;bot
3737703;bot
3774638;bot
3797869;bot
3813685;bot
3824077;bot
3862802;bot
3923034;bot
3938356;bot
3951437;bot
3971736;bot
3975649;bot
3999233;bot
4005189;bot
4082686;bot
4099039;bot
4102994;bot
4105298;bot
4112738;bot
4114706;bot
4133660;bot
4198854;bot
4238630;bot
4246875;bot
4260898;bot
4293505;bot
4313723;bot
4328888;bot
4350739;bot
4366495;bot
4373711;bot
4477315;bot
4496512;bot
4496519;bot
4499599;bot
4502350;bot
4530215;bot
4534303;bot
4536516;bot
4540091;bot
4553418;bot
4555645;bot
4556419;bot
4559949;bot
4568569;bot
4579728;bot
4594058;bot
4598477;bot
4709323;bot
4719670;bot
4729200;bot
4746784;bot
4766377;bot
4771395;bot
4870335;bot
4901395;bot
4928500;bot
4952176;bot
4984067;bot
5014074;bot
5020067;bot
5026080;bot
5088811;bot
5111608;bot
5121541;bot
5132189;bot
5145528;bot
5177705;bot
5178556;bot
5213657;bot
5265050;bot
5277842;bot
5316354;bot
5340240;bot
5375009;bot
5415725;bot
5450947;bot
5466012;bot
5478189;bot
5503687;bot
5508214;bot
5512121;bot
5517884;bot
5570079;bot
5572102;bot
5592739;bot
5595074;bot
5642077;bot
5679624;bot
5701402;bot
5725039;bot
5727164;bot
5737366;bot
5766757;bot
5787719;bot
5832219;bot
5849026;bot
5875093;bot
5936301;bot
5970888;bot
5980974;bot
6012350;bot
6014777;bot
6019534;bot
6027743;bot
6040088;bot
6045156;bot
6055023;bot
6067097;bot
6085301;bot
6100386;bot
6114458;bot
6126668;bot
6158447;bot
6164758;bot
6228552;bot
6255927;bot
6275510;bot
6316599;bot
6327251;bot
6339071;bot
6351353;bot
6352359;bot
6371308;bot
6380178;bot
6424168;bot
6447875;bot
6456299;bot
6471211;bot
6497177;bot
6505923;bot
6538556;bot
6549832;bot
6552142;bot
6601465;bot
6630658;bot
6678853;bot
6756213;bot
6771835;bot
6773911;bot
6809185;bot
6831612;bot
6861762;bot
6883755;bot
6891585;bot
6913650;bot
6913867;bot
6917606;bot
6925813;bot
6929011;bot
6932179;bot
6937400;bot
6946612;bot
6986250;bot
6990130;bot
7013194;bot
7016748;bot
7027852;bot
7029070;bot
7039236;bot
7039673;bot
7049166;bot
7049876;bot
7059455;bot
7074530;bot
7082157;bot
7118326;bot
7125835;bot
7128788;bot
7140592;bot
7147611;bot
7152369;bot
7155532;bot
7165030;bot
7170257;bot
7178666;bot
7192839;bot
7193144;bot
7195216;bot
7209457;bot
7212731;bot
7218328;bot
7225622;bot
7250546;bot
7254738;bot
7268893;bot
7294931;bot
7302634;bot
7310603;bot
7320905;bot
7355879;bot
7359933;bot
7375508;bot
7389664;bot
7390477;bot
7431769;bot
7449496;bot
7466563;bot
7482776;bot
7490646;bot
7498787;bot
7541422;bot
7582204;bot
7594340;bot
7639874;bot
7661631;bot
7669720;bot
7671243;bot
7688536;bot
7713040;bot
7716793;bot
7722125;bot
7738678;bot
7785638;bot
7822573;bot
7826260;bot
8001475;bot
8008198;bot
8009601;bot
8026327;bot
8034284;bot
8047153;bot
8057705;bot
8058568;bot
8064063;bot
8066952;bot
8084476;bot
8092303;bot
8108756;bot
8175416;bot
8177722;bot
8218911;bot
8260451;bot
8272013;bot
8283056;bot
8311309;bot
8325885;bot
8331296;bot
8400818;bot
8432038;bot
8435267;bot
8453292;bot
8464632;bot
8509726;bot
8512209;bot
8561280;bot
8574593;bot
8578431;bot
8589215;bot
8605090;bot
8623336;bot
8675237;bot
8677073;bot
8721539;bot
8729652;bot
8777565;bot
8782565;bot
8821540;bot
8921183;bot
8962995;bot
8964326;bot
8988477;bot
9014223;bot
9082558;bot
9089258;bot
9104919;bot
9152906;bot
9176333;bot
9201969;bot
9215813;bot
9274371;bot
9332754;bot
9352327;bot
9369556;bot
9446222;bot
9466074;bot
9469526;bot
9472257;bot
9495007;bot
9530320;bot
9594026;bot
9614029;bot
9618947;bot
9629838;bot
9688107;bot
9701715;bot
9710412;bot
9721846;bot
9736096;bot
9745868;bot
9758377;bot
9768060;bot
9778222;bot
9781674;bot
9810518;bot
9832167;bot
9885709;bot
9892229;bot
9900577;bot
9918750;bot
10051648;bot
10190788;bot
10254013;bot
10269385;bot
10286712;bot
10317930;bot
10330367;bot
10418193;bot
10453231;bot
10477943;bot
10579749;bot
10581101;bot
10591655;bot
10622600;bot
10641505;bot
10734943;bot
11020855;bot
11029943;bot
11042379;bot
11048848;bot
11069948;bot
11130678;bot
11143008;bot
11221843;bot
11232281;bot
11233090;bot
11249983;bot
11292691;bot
11340674;bot
11344024;bot
11347793;bot
11529654;bot
11566171;bot
11678474;bot
11762992;bot
11809892;bot
11954575;bot
11969601;bot
12110941;bot
12162641;bot
12169187;bot
12225015;bot
12263795;bot
12308086;bot
12319337;bot
12319974;bot
12340719;bot
12464849;bot
12486421;bot
12501772;bot
12529212;bot
12562331;bot
12571716;bot
12646874;bot
12652825;bot
12657917;bot
12675957;bot
12689969;bot
12715311;bot
12871376;bot
12897624;bot
12912352;bot
12925867;bot
12929566;bot
12987063;bot
13009146;bot
13022980;bot
13062256;bot
13102546;bot
13110297;bot
13122460;bot
13146235;bot
13177883;bot
13184603;bot
13214415;bot
13345453;bot
13347799;bot
13393950;bot
13462970;bot
13476146;bot
13502069;bot
13601713;bot
13628994;bot
13722354;bot
13743053;bot
13752234;bot
13798740;bot
13912340;bot
13922443;bot
13939670;bot
14161758;bot
14203477;bot
14216826;bot
14286554;bot
14288702;bot
14317165;bot
14393296;bot
14440458;bot
14442635;bot
14508071;bot
14587969;bot
14589999;bot
14594032;bot
14602944;bot
14612528;bot
14632721;bot
14641272;bot
14682280;bot
14754365;bot
14818921;bot
14867976;bot
14893258;bot
14915385;bot
15093225;bot
15139928;bot
15181260;bot
15240085;bot
15242952;bot
15261156;bot
15281771;bot
15314945;bot
15403562;bot
15462839;bot
15644871;bot
15687629;bot
15721048;bot
15746028;bot
15800598;bot
15929118;bot
15949176;bot
15990950;bot
15998120;bot
16038205;bot
16043859;bot
16073712;bot
16146895;bot
16185576;bot
16202189;bot
16377038;bot
16428237;bot
16458921;bot
16596343;bot
16769134;bot
16966957;bot
16969299;bot
16979336;bot
17310692;bot
17637025;bot
17692124;bot
17728316;bot
17911900;bot
17963495;bot
18146892;bot
18150126;bot
18285766;bot
18671567;bot
18835496;bot
18965710;bot
19171947;bot
19238806;bot
19392737;bot
20088696;bot
20180976;bot
21394347;bot
21487250;bot
21685654;bot
22045933;bot
22677397;bot
25878531;bot
25894760;bot
25993922;bot
26113707;bot
27077959;bot
27244859;bot
28586141;bot
29907354;bot
30012824;bot
30498975;bot
31087829;bot
31946894;bot
34386029;bot
34533176;bot
34701688;bot
35741276;bot
37958503;bot
38348176;bot
39197131;bot
41749889;bot
42161706;bot
42658512;bot
42814345;bot
43374720;bot
43452311;bot
46056553;bot
46166101;bot
