userid,type
53,bot
7031,bot
7951,bot
9972,bot
10491,bot
10929,bot
11438,bot
12518,bot
19510,bot
19696,bot
33104,bot
51739,bot
51740,bot
55531,bot
81527,bot
93530,bot
103206,bot
105434,bot
110545,bot
113980,bot
116935,bot
129997,bot
145185,bot
146067,bot
153252,bot
162759,bot
164170,bot
187010,bot
187051,bot
195176,bot
195861,bot
209050,bot
218215,bot
233341,bot
241287,bot
245491,bot
253698,bot
264601,bot
278204,bot
279515,bot
285026,bot
287209,bot
295268,bot
295269,bot
297739,bot
326669,bot
327899,bot
331886,bot
334487,bot
337609,bot
338965,bot
356191,bot
385523,bot
386428,bot
402429,bot
466078,bot
516984,bot
519625,bot
526729,bot
69,bot
81,bot
268,bot
726,bot
1270,bot
1285,bot
1343,bot
1517,bot
1734,bot
1977,bot
2752,bot
6535,bot
7293,bot
7501,bot
7842,bot
7867,bot
7951,bot
8098,bot
9541,bot
11318,bot
11350,bot
12705,bot
13017,bot
13645,bot
15813,bot
16419,bot
16981,bot
18095,bot
18142,bot
18934,bot
19004,bot
19556,bot
19659,bot
19862,bot
21539,bot
24899,bot
25630,bot
25955,bot
27308,bot
34961,bot
35050,bot
37564,bot
38535,bot
40320,bot
41431,bot
41557,bot
42014,bot
42505,bot
42823,bot
45035,bot
47762,bot
49589,bot
50583,bot
50623,bot
50995,bot
51511,bot
51576,bot
51704,bot
51738,bot
54946,bot
57321,bot
58614,bot
58765,bot
59223,bot
60267,bot
60758,bot
61205,bot
62822,bot
65316,bot
67294,bot
68628,bot
69031,bot
69751,bot
69823,bot
70317,bot
73599,bot
75753,bot
77127,bot
78218,bot
79015,bot
79331,bot
81537,bot
82622,bot
83254,bot
84896,bot
85913,bot
86632,bot
87532,bot
87715,bot
88528,bot
93115,bot
94980,bot
98025,bot
98983,bot
99832,bot
99923,bot
100807,bot
101024,bot
102468,bot
106287,bot
112152,bot
112612,bot
116629,bot
118382,bot
127564,bot
132488,bot
133582,bot
139651,bot
142856,bot
144341,bot
146067,bot
146317,bot
149208,bot
150503,bot
150903,bot
155458,bot
157138,bot
162759,bot
163840,bot
164732,bot
164899,bot
171940,bot
173297,bot
175321,bot
176643,bot
177267,bot
178075,bot
185529,bot
185808,bot
186159,bot
190588,bot
195324,bot
197009,bot
197203,bot
200407,bot
201491,bot
201512,bot
206469,bot
206730,bot
211276,bot
224778,bot
224877,bot
230254,bot
242180,bot
251902,bot
253399,bot
258527,bot
279603,bot
289750,bot
309012,bot
